District,N (kg/ha),P (kg/ha),K (kg/ha),pH
Amritsar,125,28,14,7.8
Barnala,115,26,13,7.9
Bathinda,110,26,13,8.2
Faridkot,118,27,14,8.1
Fatehgarh Sahib,120,29,15,7.7
Fazilka,112,25,13,8.0
Ferozepur,114,26,14,8.1
Gurdaspur,135,32,18,7.6
Hoshiarpur,122,28,15,7.7
Jalandhar,128,30,16,7.8
Kapurthala,121,27,14,7.7
Ludhiana,120,30,15,7.9
Malerkotla,116,26,13,7.8
Mansa,113,25,13,8.0
Moga,119,28,14,7.9
Pathankot,124,29,15,7.6
Patiala,118,28,15,7.9
Rupnagar,117,27,14,7.8
Sangrur,115,26,13,7.7
SAS Nagar,119,29,15,7.9
SBS Nagar,120,28,15,7.8
Sri Muktsar Sahib,112,25,13,8.1
Tarn Taran,123,27,14,7.7
